name,price,status,shipping,free_returns,items_sold
Black PU Leather M602 Professional Tap Dance Shoe for Women and Men,1189,New (Other),0,False,
"BeiBest Coat Synthetic Tap Shoes Oxford Dancing for Men, Adults, Black-Size 8",600,Pre-Owned,995,False,
Tap Dance Shoes Size 10 Bloch,1100,Pre-Owned,1710,False,
"BeiBestCoat Synthetic Tap Shoes Oxford Dancing Shoes for Men,Adults, Black",3499,Brand New,0,False,
Black PU Leather Lace Up Tap Dance Shoe for Women and Men,1399,New (Other),0,False,
PU Tap Shoe Dance Shoes for Boys and Girls Easy Strap Black Kid Tap Shoes,1199,New (Other),0,False,
In Stock PU Leather Tap shoes Patent Leather Tap Dance Shoe for Girls and Boys,1199,New (Other),0,False,
Professional Black PU Leather Lace Up Tap Dance Shoe for Women and Men,1189,New (Other),0,False,
Kids Dance Shoes Tap Clog Shoes Black Size 10.5 Kids Dance Shoes,810,Pre-Owned,800,False,
Linodes Patent Easy Strap slip on Tap Shoes for Girls and Boys,1498,Brand New,0,False,
PU Leather Tap Shoe Dance Shoes for Boys and Girls Easy Strap Black Tap Shoes,1099,New (Other),0,False,
PU Leather Tap Shoe Dance Shoes for Boys and Girls Easy Strap Black,1099,New (Other),0,False,
BLOCH SZ 7 1/2 Tap Womens Black Mary Jane Tap Dance Shoes Heel Theater Character,100,Pre-Owned,753,False,
Tap Shoes PU Leather Lace Up Slip-on Easy Strap Tap Shoe for Girls and Boys ,1099,Brand New,0,False,
Linodes Unisex PU Leather Slip On Tap Shoe Dance Shoes for Women and Men's Dance,2099,Brand New,0,False,
Capezio Tele Tone Tap Dancing Shoes Women's Size 5 M Black Leather Mary Jane,1976,Pre-Owned,0,True,
CAPEZIO Tele Tone Tap Dance Black Leather Shoes Womens 10M Style 550,3999,Pre-Owned,955,False,
Vintage Mario & Continental - HEEL and TOE TAPS For Tap Dancing  Shoes UNUSED,600,Brand New,849,False,
Bloch Shockwave #2 Womens Black Lace-Up Tap Jazz Dance Shoes Leather 9 M,2000,Pre-Owned,999,False,
"CLOGGING SHOES, NEW, ALL LEATHER, kids size 2 WHITE SPLIT SOLE WITH BUCK TAPS",8890,Brand New,1050,False,
BLOCH WOMENS SHOE US 6 M JAZZ SYNC TAP BLACK LEATHER S0321L MISSING LACES NIB,3869,Brand New,0,True,
"3 Pair Dance Shoes Size 10 - Capezio, Two Steppers - Leather Soles",6000,Pre-Owned,0,False,
tap shoes tan size 12 dancing pair,2300,Pre-Owned,1190,False,
Bloch Womens Black Leather Lace Up Block Heel Techno Tap Shoes Size 9 Dance,1999,Pre-Owned,1020,False,
Laceless Tap Dancing Shoes Women's Size 4A Black,1000,New (Other),901,False,
"ABT Spotlights Girls Tap Dancing Shoes, Size 8.5M",660,Pre-Owned,655,False,
Capezio Lace Up Dance/Tap Shoes SIZE 10.5M,3495,New (Other),1048,False,
Vintage Selva Taps Staccato Heel Size 3 with Box,99,Brand New,900,False,
Bloch Women Black Leather Tap Shoes Lace Up Dance Round Toe Size 9M,2499,Pre-Owned,1099,False,
New Freestyle by Danskin Little Girls Size 9  Tap Dance Shoes Mary Jane Style,1899,New (Other),0,False,
Black Capzio Tap Dance Shoes Size 6,999,Pre-Owned,849,False,
Leo's Tap Shoes Size 5.5 Adult Black Lace Up Dance Jazz Kids Faux Leather A+ðŸ•ºðŸ’ƒ,1663,Pre-Owned,700,False,
CAPEZIO TODDLER SHOES BLACK FAUX LEATHER US 9.5 M TIC TAP TOE 443C CHILD NEW NIB,2579,Brand New,0,True,
BALERA UNISEX DANCE Slip-On Tap Shoes B150 BLACK Adult  11 M EXCELLENT CONDITION,1400,Pre-Owned,800,True,
Bloch Dance Now Student Girls Size 8 Techno Tap Dance Shoes Patent Black ,2499,Pre-Owned,0,False,
BeiBestCoat Dance Womens Tap Shoes Dancing Shoes for Ladies Black 5 B (M),2499,New (Other),999,False,
Laduca Tap Shoes,17500,Pre-Owned,1710,False,
DANCE CLASS BLACK MARY JANE TAP DANCING SHOES TODDLER GIRLS SIZE 7.5,1099,Pre-Owned,499,True,
Capezio Black Patton Childs Tele Tone Tap Shoes 10.5M 3800T Dance ,1406,Pre-Owned,799,True,
Fashion Cowhide Tap Dancing Soft Outsole Kids Adult Unisex Dancing Shoes ,11198,New (Other),0,False,
* Vintage - USA - SELVA  Encore - HEEL and TOE TAPS 4 Tap Dancing SHOES - UNUSED,2222,Pre-Owned,500,False,
"NEW Tap dancing shoes, black w laces, read description/photos! FREE shipping!",6500,Brand New,0,False,
BLOCH TAP DANCE SHOES 323L 323 Ladies Showtapper TAN -- NEW retails $47 - sz4-11,2799,New (Other),0,False,
Black Capezio Tap Dance Shoes Size 6.5,999,Pre-Owned,849,False,
Art Stone Tap Dancing Shoes Women's 9 M La Mendola T-3 Taps Leather Sole READ,1578,Pre-Owned,925,False,
"Bloch black PU Leather Youth Tap dance shoes size 10W Techno Tapper, Unisex",799,Pre-Owned,1061,False,
"Vintage CAPEZIO TELE.TONE TAP Black Dance Shoes Girls 6.5  M, in Box 1981",1999,Pre-Owned,1346,False,
Dance Shoes Tap Mary Jane Buckle 6.5M Toddler Dancing Fair 80TC Tan ,1200,Pre-Owned,450,False,
Bloch Boost DRT Dance Shoes S0538L Mesh Suede Black Split Womens Size 11 Sneaker,1999,Pre-Owned,1299,False,
Capezio On Stage Encore London Metal Beginners Tap Dance Shoes Shiny Black,2000,Pre-Owned,1125,True,
New E.B. Smith Toe Taps EB Smith SUPER aluminum alloy 6 sizes Tap Dance Taps,488,New (Other),560,False,
EUC Dance Tap Shoes Black Shiny Size 2 Girls Youth Freestyle by Danskin Company,899,Pre-Owned,1260,True,
ABT Spotlights Girls Youth Dancing Tap Shoes Size 2 Tan Beige Mary Janes,300,Pre-Owned,1260,False,
Tapfit Black Slip-on Tap Dance Exercise Workout Shoes Size Large,3999,Pre-Owned,0,False,
Dance Now Girls Black Size 9 M Patent Leather Dance Tap Shoes NWOB,1668,Brand New,0,True,
"The Art of Tap Dancing - Heel & Toe Taps, Instruction Book and Box",400,New (Other),523,False,
Capezio TeleTone TapSonic Tap Dancing Shoes (Sz 5.5) Style K542,4500,Brand New,1575,False,
THEATRICALS Black Tap Dancing Shoes Women's Size 6 Medium EUC,1999,Pre-Owned,799,False,
Black PU Leather M601 Professional Tap Dance Shoe for Men and Women,1099,New (Other),0,False,
Dancing Fair Girl's Tan Tap Shoes Painted Red size 5M,999,Pre-Owned,900,False,
Capezio Tap Shoes CG17 Black  Teltone Tapsattached Child/ladies szs Dance,4104,Brand New,0,False,
LEO'S 806W 806 Dancewear Dance CHILD GIRLS/Toddler TAP SHOES TAN 7.5-1.5 & 5M,1215,New (Other),0,False,
Tap/ dance -Illinois Theatrical Footwear Shoes Girls Size 10 M Black Great Cond.,999,Pre-Owned,0,False,
Capezio Teletone Tap Shoes Black Dance Talent Show Youth Size 5.5,1497,Pre-Owned,1242,False,
CAPEZIO TELE TONE TAP SHOES 3800 CARMEL LEATHER MARY JANE 9.5 M D2 65 NEW,2400,New (Other),0,False,
TAP SHOES TODDLER by Dance Class black patten Ribbon tie Size 10.5 T100,1200,Pre-Owned,744,False,
Ballroom Tap Dance Shoes Men Black High Aluminum Women Children White Cloesd Toe,5119,Brand New,0,False,
Capezio USED Buckle Tap Shoes Stage Black Leather Dance Heel 5 1/2 M Tele Tone,2420,Pre-Owned,790,False,
Dance Shoes Tap Tan Leather Child size 4M Giordano Leo's,2098,Brand New,1299,True,
Tap Dance Shoes Women Shoes Leather Black Jazz Step Dance Shoes Clogging Shoes ,5098,Brand New,0,False,
NIB Jeffrey Campbell Great Black/Pink Pump- $150!- ALMOST SOLD OUT!,1599,Brand New,599,False,
Women's 7 N Tap Shoes D11,4999,Pre-Owned,0,False,
TAP SHOES TODDLER by Dance Class black patten Ribbon tie Size 10.5 T100,1200,Pre-Owned,744,False,
Linodes PU Leather Lace Up Tap Shoe Dance Shoes for Women and Men's Dance Shoes,2099,Brand New,0,False,
"Ms. Stomper Size 4.5 W WOMENS Clogging Dance Shoes,With Steven Stomper Taps",4999,Pre-Owned,1575,False,
Tap Fit Slip On Tap Shoes Tap Fit Shoe Exercise Unisex Large Black Fitness Dance,3999,New (Other),1060,False,
Black PU Leather Size 9A Professional Lace Up Tap Dance Shoe for Women and Men,775,Pre-Owned,850,False,
 Capezio Dance Shoes Women Size 8.5 M Black Leather T-Strap,3200,Pre-Owned,1260,False,
New E.B. Smith Heel Taps EB Smith SUPER aluminum alloy 13 sizes Tap Dance Taps,338,New (Other),560,False,
Bloch Mega Womens Ladies Dance Chloe and Maud Leather Tap Shoes Sz 8.5M,5000,Pre-Owned,1000,False,
Selva Staccato No. 2 Toe Taps NOS,700,New (Other),560,False,
Bloch Kids Annie Tyette S0350G Tap Shoe - Patent Black Size 10,1999,Brand New,747,False,
Capezio Tele Tone Tap Dancing Shoes Black Girls 11.5,1399,Pre-Owned,851,True,
Fashion Cowhide Tap Dancing Soft Outsole Kids Adult Unisex Dancing Shoes ,7999,New (Other),0,False,
girls kids size 13 tap dancing shoes childrens black Bloch brand dance shoe,499,Pre-Owned,1260,False,
Bloch Techno Tap 2T/3H Beige Nude Mary Jane Tap Dancing Shoes 6.5/7,700,Pre-Owned,1200,True,
Order 3 pr-SHIP FREE white Tap Shoes ladies szs Dance run small READ description,1124,New (Other),1260,False,
TAP DANCE EARRINGS  Shiny Silver Dangle Earrings - Post Style  17356-EAR,795,Brand New,0,False,
Bloch Women SZ 7M Black Leather Tap Shoes Lace Up Dance Round Toe,2499,Pre-Owned,1099,False,
Capezio Men's New Black Dance Shoes Size 9.5 M Made in Brazil,5000,Brand New,1385,False,
Coast Men's Black Dance Shoes/Boots Size 9.5M Made in the US,7000,Brand New,1685,False,
"Tempo By Leoâ€™s Youth Tap Dancing Shoes, Size 1 Beige Ties",500,Pre-Owned,685,False,
Black PU Leather Professional Lace Up Tap Dance Shoe for Women and Men,1189,New (Other),0,False,
BLOCH Techno Tap Shoes Size 6 1/2  Black Leather Mary Jane Style Dance Clogs ,1195,Pre-Owned,795,False,
"So Danca B & W Adult Spectator Oxford Tap Dance Shoes - Women's 11.5, Men's 9.5 ",4500,Pre-Owned,1550,False,
Men's Darcos Black/Gold Costume Made Dance Shoes Size 8.5 Made in Argentina,7000,Brand New,1385,False,
Tap Shoe PU Leather Lace Up Tap Shoe Easy Strap Tap Shoe for Men & Women US,2099,Brand New,0,False,
Unisex New Cowhide Tap Dancing Soft Outsole Youth Kids Adult Dancing Shoes,4231,New (Other),1999,False,
Capezio Womens Leather Jr Footlight 459 Dance Shoes Black Leather Maryjanes 6.5W,2019,Pre-Owned,1595,True,
RARE Vintage Playtoy Industries  Tappy Taps Tap Dancing Shoe Toy Girls 70s 80s,5000,Brand New,0,False,
CAPEZIO Child 441C Patent LACE UP Tap Size 1 TAP SHOES Black FLUID Dance G1,1977,Pre-Owned,849,False,
Capezio Tap Jr Footlight Tan Leather Sole Dance Shoes Size 8 M,1799,Pre-Owned,1125,False,
"Bloch Black Techno Tap Dance Shoes Girls Size 4, fits 1",1500,Pre-Owned,753,False,
PU Leather Tap Shoe Dance Shoes for Boys and Girls Easy Strap Black Tap Shoes,1089,New (Other),0,False,
girls size 10 tap dance shoes black Patten  leather,430,Pre-Owned,455,False,
ABT American Ballet Theatre Shoes Size 2 Nude Beige Spotlight Dance     A-24,1298,Pre-Owned,598,False,
Dancing Fair Toddler Girl Tap Dance Shoes Sz 6.5 Tan Buckle Mary Jane,2299,Pre-Owned,699,False,
Tap Dance Shoes Bloch black Patton Leather Youth Size 9.5M Techno Tapper,1360,Pre-Owned,998,False,
Gem Continental Dance Shoe Heel Taps - Size 3 + Dolliwood Toe Taps Sz 5 Lot Set,1195,Pre-Owned,0,False,
Capezio Black Dance Shoes 443B Tip Tap Toe Tele Tone Tap NEW in Box many Sizes,2499,Brand New,1125,False,
Capezio Character Tap Shoes 560 Dance Black Tan Adult New In Box,3999,Brand New,0,False,51
Capezio TeleTone TapSonic Tap Dancing Shoes (Sz 5) Style K542,2100,Pre-Owned,1575,False,
Tap Dance Shoes Youth Size 1. Glossy White Girls Tap Dancing.,999,Pre-Owned,1190,False,
Theatricals Womens Tap Dance Shoes Black Size 8 Lace Up T9500,1800,Pre-Owned,862,False,
BLOCH DANCE NOW   Girl's Size:6Y BLACK PATENT TAP SHOES,599,Pre-Owned,890,False,
Capezio Shoes Women's Size 9.5 Nude Car Footlight Mary Jane Dance Shoes,1500,Pre-Owned,1275,False,
VTG GREEN LEATHER SCOTTISH DANCE TAP SHOES PR DANSWEAR CENTRE OF SCOTLAND ,2499,Pre-Owned,1710,False,
Chance Fashions Tap Dancing Shoes Women's 9.5 Leather Sole White Leo's Taps READ,1857,Pre-Owned,925,False,
"CLOGGING SHOES, NEW, ALL LEATHER, ladies size 7 WHITE SPLIT SOLE WITH BUCK TAPS",8890,Brand New,1050,False,
Dance Shoes Clogging Full Sole 6.5M Adult Steven Stompers Buck Black ,4400,Pre-Owned,650,False,
tap dance shoes men SZ 10,1499,Pre-Owned,1799,False,
Kids Girls Revolution slip on Tap Dancing Shoes Brown SZ 12,2288,Pre-Owned,0,True,
Menâ€™s Dancing Fair Signature #730 Oxford  Tap/ Character (NI) Shoes Size 9,2999,Brand New,0,False,
Capezio Black Tap Dance Shoes 442 Tele Tone Jr. NEW in Box many Sizes,2799,Brand New,1125,False,
vintage  Women's Leather Tap Dance 12057 49001 Shoes  Size 8 B,2369,Pre-Owned,0,False,
Bloch Tap Dance Shoes Shockwave Lace Up Black Leather Size 9.5 ,1897,Pre-Owned,890,False,
CAPEZIO Men's Black/Gray Tap Dance Shoes Oxfords Wide Size 11 W,18999,Pre-Owned,2220,False,
Leo's Dancewear Women's Dance Shoes Size 8 M Black Leather Lace Up Flexible Jazz,199,Pre-Owned,1190,False,
Capezio Oxford Flex Master Black Tap CG16C Oxford Leather Childs 13 Shoes Dance,5000,New (Other),999,True,
Tap Shoes Size 10.5 Star Tone dance shoes girls,890,Pre-Owned,800,False,
Girls Capezio Black Patent Bow Tie Dance Tap Shoes Size 6.5 W Tele Tone Wide,2200,Pre-Owned,1061,False,
For Sale PU Tap shoes Leather Tan Tap Dance Shoe for Girls and Boys,1089,New (Other),0,False,
Economy Girl's Size 2.5 Medium (Fits Size 2) White Ribbon Tie Tap Shoes,999,New (Other),799,False,
BLOCH TAP DANCE SHOES 323L 323 Ladies Showtapper BLACK NEW retail $47 sz4.5-11.5,2799,New (Other),0,False,
CAPEZIO MARY JANE TAP DANCEï¿¼ï¿¼ SHOES 3800 BLACK LEATHER  SZ 8.5 ï¿¼WORN ONCE,2300,Pre-Owned,1346,False,
Bloch Ladies  Respect Black Full Sole Tap Shoe Size 11.5 dance,2999,Pre-Owned,1020,False,
Ladies Black Split Sole Jazz/Tap Shoes Size 8 Gently Used,1500,Pre-Owned,1710,False,
Women's tap shoes EUC Designs for Dance black leather lace ups 6.5 M Orig  Box,2200,Pre-Owned,1365,False,
Capezio Men's New Black Dance Shoes Size 9M Made in Brazil,5000,Brand New,1385,False,
Continental Dance Shoe Taps Vintage,3000,Pre-Owned,1000,False,
Tap Shoes Toddler Boys Jazz Tap Shoes Black sz 8M Dance Now brand by Bloch,2400,New (Other),0,False,
Unisex Fashion Cowhide Tap Dancing Soft Outsole Youth Kids Adult Dancing Shoes,6044,New (Other),999,False,
Leo Jazz Tap Shoes LS3312L Black Lace Up Size 5.5 M Preowned,1365,Pre-Owned,998,True,
Angelo Luzio Leather Tap Dance Shoes Men's 8.5,1758,Pre-Owned,1260,False,
1930s ANTIQUE MENS TAP DANCING SHOES LEATHER ENGLAND CAPEZIO ORIGINAL,24000,Pre-Owned,2500,False,
"New w box vintage Capezio, dancing since 1887, model 650, size 4.5 tan tap shoes",4000,Brand New,1085,False,
"BeiBestCoat Synthetic Tap Shoes Oxford Dancing Shoes for Men,Adults, Black",5168,Brand New,0,True,
Tap Shoes Toddler Boys Jazz Tap Shoes Black sz 8M Dance Now brand by Bloch,2400,New (Other),0,False,
Mismatched sizes Bloch Girls Tap Dancing Shoes Right 10 1/2 M Left 11 1/2 M ,1299,Pre-Owned,699,False,
Bloch Women/Girls Techno Tap Shoes - Tan Size 6.5 Dance Ladies Pre-Owned,1499,Pre-Owned,1346,True,
DanceSport Capozi T-Strap Leather Sport Dancing Shoes Size 9.5 Wide Black,2197,Pre-Owned,1710,False,
Dance Mates black jazz dance shoes,550,Pre-Owned,400,False,
Bloch Jazz Tap Dance Shoes 5 Techno Tap Black Lace Ups Women's 8 1/2 inches,999,Pre-Owned,559,False,
Dance Shoes Mens Ballroom Flexible Suede Sole 9.0W Adult So Danca BL102 Black ,9200,Brand New,650,False,
The Art of TAP Dancing - Mega Mini Kit - Heel & Toe Taps & Booklet - Open Box,499,New (Other),399,True,
Balera Tap Shoes B60W Fitting/Sizing Kit 33 Pc Set Black For Dance Store/Studio,3000,New (Other),0,False,
Bloch Dance Fitness Shoe Kids Girls Size 6 Lightening Multicolor SO924 MLTX ,1791,Pre-Owned,0,True,
Bloch Dance Shoes,30000,Pre-Owned,1020,False,
Unisex Fashion Cowhide Tap Dancing Soft Outsole Kids Adult Dancing Shoes  sz,3978,New (Other),1999,False,
Vintage New/Box Capezio Selva Original Staccato Jingle Taps HEEL with nails,1044,Brand New,0,False,
Dance Shoes Tap Mary Jane 8M Child Bloch  Tan ,1100,Pre-Owned,450,False,
Pair Adult Leo's Black Leather Lace Up Tap Dancing Shoes Menâ€™s Size 11,5900,Pre-Owned,1800,False,
Dance FachionTap Shoes Kids Boys Girls 2.5 D Patent Black Lace Up Oxford Dancing,1200,Pre-Owned,1500,False,
Bloch Shockwave #2 Women's Black Lace-Up Tap Jazz Dance Shoes Leather Size 9.5 M,2499,Pre-Owned,862,False,
Bloch Techno Tap Leather Mary Jane Heeled Dance Tap Shoes Women Size 7 Lite Wear,2299,Pre-Owned,955,False,
Bloch Womens Black Leather Lace Up Block Heel Techno Tap Shoes Size 9 Dance,1999,Pre-Owned,1060,False,
New Girls Dance Tap Black Patent Shoes Size 9 1/2 M ChildÂ ,999,New (Other),540,False,
CAPEZIO TELE TONE BLACK TAP DANCING SHOES GIRLSZ SZ 4W EASY ON OFF GREAT COND,1690,Pre-Owned,690,False,
New# Men Tap Dance Shoes Faux Leather Anti-Slip Soles Durable  Dancing Shoes,3410,New (Other),399,False,
Dance Shoes Tap Mary Jane 2.5 Youth Dance Class Tan,670,Pre-Owned,1260,False,
Bloch Mary Jane Black Leather Tap Shoes Womenâ€™s US 9N ,3800,Pre-Owned,0,False,
Unisex New Cowhide Tap Dancing Soft Outsole Youth Kids Adult Dancing Shoes Chic,4599,New (Other),1999,False,
Capezio Tap Shoes Youth Size 13.5 Black Leather Tele Tone jr Lace Up  63356 ,1420,Pre-Owned,1242,True,
Leo Women's Split Sole Jazz Tap Dance Shoe size 7/12,4325,Pre-Owned,1865,False,
SZ 9.5M - LEO'S Jr Jazz Womens tap shoes leather black lace up dance w/out Box,2140,Pre-Owned,747,False,
Dance Class tap shoes black patent Leather Size 9 Hook Loop Closure Toddler Girl,1199,Pre-Owned,1365,False,
BLACK CAPEZIO TAP DANCE SHOES Tele Tone Xtreme CG55 girls 5.5  M,995,Pre-Owned,595,False,
"Girl tap dance shoes children's  size 1 (6-7 years) black, USED: GREAT CONDITION",999,Pre-Owned,820,False,
Girls Child Size 1.5 Revolution Dancewear Tap Dance Shoes Tan Buckle,1000,Pre-Owned,538,False,
BLOCH BLACK TAP DANCING  SHOES LITTLE GIRLS MARY JANES SIZE 10.5 M,900,Pre-Owned,611,False,
Dance Shoes Tap Oxford Full Sole 13M Toddler Danshuz 5029C Black White Leather,1000,Pre-Owned,950,False,
Revolution Dancewerar Tap Shoes Size 4.5 Tapping Dancing Black Dance 4.5AD,1090,Pre-Owned,465,False,
CAPEZIO Black Mary Jane Dancing Tap Shoes 6 Leather Almond toe Dancer Perform,4770,Pre-Owned,997,True,
Girls Bloch Tap Shoes Dance Techno Black Snap Size 13 M,1400,Pre-Owned,685,False,
Toddler Girl's SO DANCA Tap Dance Shoes 8 M Black Two-hole Elastic Closure,1295,Pre-Owned,500,False,
Bloch Girls SZ 6.5M Black Leather Tap Shoes Lace Up Techno Tap Dance Round Toe,899,Pre-Owned,850,False,
Girls Capezio Size 1.5 Tele Tone Tap White Tap Dancing Shoes 1552,799,Pre-Owned,815,True,
Womens Bloch Tap-On Tan Mary Jane Tap Shoes Size 9 Dance New Recital Class,3500,New (Other),999,True,
Theatricals Womens Tap Dance Shoes Black Size 9 Lace Up T9500,2999,Brand New,1710,False,
Bloch Boost DRT Dance Shoes Mesh Sneaker Adult Size 11,2500,Pre-Owned,0,False,
Dance Class Toddler Girl's  Mary Jane Tap Shoes Black Patent Size 11 Ribbon Ties,1400,Pre-Owned,899,False,
"Bloch Women's Show-Tapper Dance Shoes (Tap Shoes), Black, 6.5 M US - Worn Once",6000,Pre-Owned,1000,False,
CAPEZIO TAP DANCE SHOES SIZE 9 BLACK PATENT SIZE 9,1315,New (Other),2220,False,
Capezio Cadence Womens Tap Shoes Size 6.5 M Black Leather Tele Tone Dance CG19,2999,Pre-Owned,995,False,
Bloch Tap Shoes Little Girl Size 11M Black Clean/ Good Condition Dance Shoes,999,Pre-Owned,998,False,
"Leo Jazz Tap Dance Shoes, Women's Size 6.5 M, Black NEW MSRP $40",1400,New (Other),999,False,
"Bloch Dance Women's Tap Leather Tap Shoes, Size 11 Black",3999,Pre-Owned,2220,False,
Capezio TeleTone Split Sole Tap Shoe CG06 Adult Tan Black New In Box ,4399,Brand New,0,False,20
Morgans Glass Aluminum Tap Shoes /Dance Shoes/ Leather / Black / Zapatos 9-10,1498,Pre-Owned,450,False,
NEW Weissman's Balera Slip on Black and Caramel Tap Shoes Child & Adult Size,2795,Brand New,,False,
"CAPEZIO TAP FOOTLIGHT WOMEN'S, SZ 6N LEATHER BLACK DANCE SHOES W/STREPS",2390,New (Other),0,False,
Black dance shoes size 8,1100,Pre-Owned,0,False,
"So Danca Tap Dancing Shoes Womans Size 1.5, Glossy black, no shoestring included",1100,Pre-Owned,1265,False,
Dance Shoes Clogging Split Sole Buck 6M Adult Steven Stompers  White ,4600,Pre-Owned,650,False,
CAPEZIO Women's Girls Black Leather Slip On Tele Tone Tap Shoes 4 M Medium Dance,1700,Pre-Owned,1710,False,
Womens Mary Jane Black Tap Size 8 Shoes Capezio Dance Leather New,3850,New (Other),999,True,
Menâ€™s Tap Shoes White Sz 9 1/2-10,3500,Pre-Owned,0,False,
Dance BLACK TAP DANCING  SHOES GIRLS MARY JANES SIZE 3.5 Adjustable Strap EUC,1099,Pre-Owned,900,False,
Continental Dance Taps Shoe Size 3 Vintage One Pair Silver,1200,Pre-Owned,450,False,
Little Girls Black Patent Leather Tyette Tap Shoes Dance Toddler 7 Dance Now,2000,New (Other),875,True,
Unisex New Cowhide Tap Dancing Soft Outsole Youth Kids Adult Dancing Shoes SEDA,4599,New (Other),1999,False,
Women's 10 Bloch Tap-On black mary jane leather dance tap shoes,2999,New (Other),1225,False,
"Capezio Jr. Tyette N625 Tap Shoes, Women's Size 6.5M, Black NEW MSRP $33.50",1172,Brand New,999,False,
Tap Shoes 12.5 Girls Black ABT Spotlights Dance hook loop youth ,599,Pre-Owned,668,False,
Leo's Tone Master Tap Dance Shoes Black Leather   ,1500,Pre-Owned,500,False,
So Danca Black Lace Up Leather Tap Dance Shoes Youth Kids Boys Girls Size 12 M,1992,Pre-Owned,1365,False,
Fashion Cowhide Tap Dancing Soft Outsole Kids Adult Unisex Dancing Shoes ,6079,New (Other),0,False,
Ballroom Tap Dance Shoes Men Black High Aluminum Women Children White Cloesd Toe,5183,Brand New,0,False,
Dance Class Jazz Tap Children's Shoe  Black - Size Childs 1.5,2500,Brand New,0,False,
Capezio CG09 Premiere Carmel Tap Shoe- Many Sizes,5000,Brand New,1000,False,
Unisex Fashion Cowhide Tap Dancing Soft Outsole Kids Adult Dancing Shoes VICT,4277,New (Other),1999,False,
Fashion Cowhide Tap Dancing Soft Outsole Kids Adult Unisex Dancing Shoes ,7999,New (Other),0,False,
Danskin Freestyle Girls Tap Dance Shoes Black Patent Shiny Style Size 1,1100,New (Other),943,False,
Capezio Black Tap Jr Footlight Dance Shoes Womenâ€™s Size 8M,2938,Brand New,1710,False,
Tap dancing shoes - Size 6,1300,Pre-Owned,1020,False,
Dance Class Tyette White Tap Toddler Size 6.5 Shoes Tie Bow Dance Leather New,2000,New (Other),875,True,
BLOCH SHOCKWAVE #2 DANCE TAP SHOES LADIES Black size 7M,1899,Pre-Owned,1710,False,
Bloch Dance Women Tap-Flex Black Leather Tap Shoe  Size 7.5 Shock Wave New,4500,New (Other),900,False,
Capezio Tele Tone Tap Dance Shoes CG17 Women's Size 10.5 M Black Lace Up ,2495,Pre-Owned,753,False,
Capezio Dance Shoes Size 8.5  NEW Dance Tap Shoes Black,2299,New (Other),699,False,
TAP DANCE SHOES Freestyle Danskin Girls Black Patent Leather Youth 11  EXC!,999,Pre-Owned,1125,False,
BLOCH Dance Tap Shoes Lace Up Leather Metal Rubber Sole 8.5 Womens,5100,Pre-Owned,1020,False,
So Danca Womens Professional Level Tap TA810 Black Size 5 Shoes Dance Leather,14000,Brand New,999,True,
So Danca Womens Teens Professional Level Tap Black Size 4 Shoes Dance Leather,13000,New (Other),999,True,
*NEW* TAPfit Slip on Shoes(LARGE) Tap Dance Exercise Workout Home System,4999,New (Other),1060,False,
BLOCH WOMEN BLACK PATENT TAP SHOE  Style S0350L  9W  EUC,2699,Pre-Owned,1165,False,
Tan PU Leather M602 Professional Tap Dance Shoe for Women and Men,1089,New (Other),0,False,
Award Citation Tap Shoes Dance Girl Women White Patent TS120 Tan Lthr TS110 NIB,1999,Brand New,0,False,
Dance Shoes Tap Mary Jane Buckle 6M Toddler Dancing Fair 80TC Tan ,1200,Pre-Owned,450,False,
Techno Tap Shoes Black Leather Lace Up Block Heel  US size 10,2790,Pre-Owned,0,False,
PU Leather Tap Shoe Easy Strap for Girls and Boys (Toddler/Little Kid/Big Kid),1599,Brand New,0,False,
"CLOGGING SHOES, NEW, ALL LEATHER, size 6 WHITE SPLIT SOLE WITH BUCK TAPS",8890,Brand New,1050,False,
Menâ€™s Dancing Fair Signature #730 Oxford  Tap/ Character (NI) Shoes Size 8.5,2999,Brand New,0,False,
"New In Box Capezio #550 Jr Footlight Size 9M Tan Tap Shoes, Taps not Included",3999,Brand New,0,False,
Childâ€™s Size 1 Black Patent Tap Dance Shoes,999,Pre-Owned,595,False,
American Balet Theatre Spotlights Girl's Tap Dance Shoes Size 7.5,1395,Pre-Owned,0,False,
Capezio  Black Leather Tap Shoes Sz 6.5W Tic Tap Toe Oxford Tele Tone,2599,New (Other),1446,False,
Fashion Cowhide Tap Dancing Soft Outsole Kids Adult Unisex Dancing Shoes ,6955,New (Other),0,False,
Bloch Dance Womens Mary Jane Dance Shoe Black Size 5 M US,2899,New (Other),0,False,
Val Tie and Snap Tap Shoe TA35-Child (White) ,2065,Brand New,1575,False,
Kids Bloch Girls Annie Tyette Tap Shoes Dance Black Size 10 - Gently Used,1999,Pre-Owned,0,False,
PU Leather Tap shoes Patent Leather Tan Tap Dance Shoe for Girls and Boys 11.5M,1199,New (Other),0,False,
DANCE NOW UNISEX BLACK SYNTHETIC/TEXTILE TAP DANCE SHOES SIZE 8.5 USED,1999,Pre-Owned,699,False,
Bloch Women Oxford Black Leather Tap Shoes Lace Up Dance Round Toe 9M With Box,2788,Pre-Owned,820,False,
BLACK GLITTER OXFORD TAP SHOES GIRL or BOY SIZE 11.5 child sz dance costume (#8),1699,Pre-Owned,0,True,
Starlite Dance Slip-On Jazz Tap Shoe  Size 8W Women/ 6W Men Medium - Tan NEW,3000,New (Other),1060,True,
"Danshuz Girls' Tap Dance Shoes, Black, Size 9M, New with Box / New with Defects",1624,New (Other),0,False,
New Bloch Jazz Tap Shoe 6.5 M S0301L Tan Oxford Shoes Dance Leather,7300,New (Other),999,True,
Capezio Tap Shoes Girls Size 10M White,500,Pre-Owned,675,False,
Tap Shoes Dance Youth Size 2.5,725,Pre-Owned,450,False,
Size 6.5 (8M on tag) - SANSHA Women's Black Leather Split Sole Tap Dance Shoes,2030,Pre-Owned,800,False,
Womens Bloch Shockwave tap shoes size 7 1/2 black - EUC,1500,Pre-Owned,1100,False,
Kids Girls Dance Class Low Top Lace up Dance Tap Shoes Size 10 Tan color ,1999,Pre-Owned,844,False,
New American Ballet Theatre ABT 069833 Tap MJ Girls Black Dance Shoes Sz 8.5 mk,2699,New (Other),0,False,
Black Tap Shoes Jazz Taps Split-sole by Bloch Womenâ€™s Sz 8 1/2M,4200,Brand New,0,False,
"Capezio Women's Black Patent Look Tele Tone Tap Dancing Shoes, Size 7.5",1650,Pre-Owned,1710,False,
REVOLUTION GIRL'S DANCE TAP SHOES SIZE 10.5 AND DANCE TOWEL ,799,Pre-Owned,899,False,
Capezio Black Tap Shoe Women's Size 9 N625,1490,Pre-Owned,1710,False,
Vintage MONTE CARLO CHILDS black TAP DANCING SHOES ,1795,Pre-Owned,995,False,
Capezio Tele Tone Tap Black Leather Mary Jane Dance Shoes Heels 63356 Size 10M,3788,Pre-Owned,1000,False,
Leo Shoes Women's Size 9.5 Black Low Top Dance Chorus Line Buckle Ballet Shoes,2550,Pre-Owned,1275,False,
"Beige Leather Tap Shoes Coppola 6M Clean Tele Tone Tap 1"" Heel Dance Shoes",1450,Pre-Owned,0,False,
Dance Shoes Clogging Split Sole Buck 5.5M Adult Steven Stompers  White ,4600,Pre-Owned,650,False,
Capezio TeleTone Tap Dance Shoes Girls Black Patent Size 7M,1000,Pre-Owned,900,False,
Capezio Jr. N625 Tyette Girl's Tele Tone Tap Shoes Black Patent Size 8M,1000,Brand New,990,True,
Bella Ballerina dance tap shoes child size 7 NEW,1500,New (Other),500,False,
Childâ€™s Size 9.5 Black Patent Tap Dance Shoes,999,Pre-Owned,595,False,
Childâ€™s Size 1.5 Black Patent Tap Dance Shoes,999,Pre-Owned,595,False,
girls tap dance shoes size 8 1/2,1400,Pre-Owned,1299,False,
The Art of TAP Dancing~Mega Mini Kit~Heel & Toe Taps & Booklet~NEW~NIB,500,Brand New,660,False,
BLACK GLITTER OXFORD TAP SHOES GIRL or BOY SIZE 11.5 child sz dance costume (#9),1699,Pre-Owned,0,True,
Capezio DanceSport Leather Sport Dancing Shoes Size 7.5,2499,Pre-Owned,0,False,
Dance Shoes Tap Split Sole Regular Toes 6.5M Adult Steven Stompers  White ,3800,Pre-Owned,650,False,
Capezio Tap Jr Footlight 550 Women's Dance Shoes Black - Choose Size   ,2500,Brand New,0,False,
Black Patent Leatherr JM601 Professional Tap Dance Shoe for Men and Women,1199,New (Other),0,False,
Dance Shoes Tap Mary Jane 10.5M Child Danshuz 534 Tan ,1000,Pre-Owned,450,False,
Dance Shoes Tap Mary Jane NO TIES 6M Toddler Danshuz 530 Black ,1400,Pre-Owned,450,False,
ABT American Ballet Theatre Spotlights Tap Dancing Shoes - Black Size 10,1000,Pre-Owned,600,False,
Dancing Fair Tap Shoes ~ Leather Sole & Upper ~ Capiezo Taps ~ Size 7 1/2 M,2999,Pre-Owned,2260,False,
"Bloch Dance Women's Tap Leather Tap Shoes, Size 11.5 Black",3999,Pre-Owned,2220,False,
Capezio Womens JR Footlight 550 Black Leather Dance Character Shoe Size 5 N  ,2000,Pre-Owned,778,False,
Val Tie and Snap Tap Shoe TA36-Adult (White),3400,Brand New,1575,False,
Unisex Fashion Cowhide Tap Dancing Soft Outsole Kids Adult Dancing Shoes ,4323,New (Other),1999,False,
